<?xml version="1.0" encoding="UTF-8"?>
<included>
  <property name="log.home" value="${user.dir}/logs" />

  <appender name="console" class="ch.qos.logback.core.ConsoleAppender">
    <encoder class="ch.qos.logback.classic.encoder.PatternLayoutEncoder" charset="UTF-8">
      <pattern>%d{yyyy-MM-dd HH:mm:ss.SSS} %p [%c] - &lt;%m&gt;%n</pattern>
    </encoder>
  </appender>

  <appender name="file_error" class="ch.qos.logback.core.rolling.RollingFileAppender">
    <filter class="ch.qos.logback.classic.filter.LevelFilter">
      <level>ERROR</level>
      <onMatch>ACCEPT</onMatch>
      <onMismatch>DENY</onMismatch>
    </filter>
    <file>${log.home}/error.log</file>
    <rollingPolicy class="ch.qos.logback.core.rolling.TimeBasedRollingPolicy">
      <fileNamePattern>${log.home}/backup/error/%d{yyyy-MM-dd}/error.%d{yyyy-MM-dd_HH}.log</fileNamePattern>
      <maxHistory>60</maxHistory>
      <timeBasedFileNamingAndTriggeringPolicy class="ch.qos.logback.core.rolling.SizeAndTimeBasedFNATP">
        <maxFileSize>10MB</maxFileSize>
      </timeBasedFileNamingAndTriggeringPolicy>
    </rollingPolicy>
    <encoder class="ch.qos.logback.classic.encoder.PatternLayoutEncoder" charset="UTF-8">
      <pattern>%d{yyyy-MM-dd HH:mm:ss.SSS} [%thread] %-5level %logger{80} - %msg%n</pattern>
    </encoder>
  </appender>

  <appender name="file_info" class="ch.qos.logback.core.rolling.RollingFileAppender" additivity="false">
    <file>${log.home}/info.log</file>
    <rollingPolicy class="ch.qos.logback.core.rolling.TimeBasedRollingPolicy">
      <fileNamePattern>${log.home}/backup/info/%d{yyyy-MM-dd}/info.%d{yyyy-MM-dd_HH}.log</fileNamePattern>
      <maxHistory>60</maxHistory>
      <timeBasedFileNamingAndTriggeringPolicy class="ch.qos.logback.core.rolling.SizeAndTimeBasedFNATP">
        <maxFileSize>50MB</maxFileSize>
      </timeBasedFileNamingAndTriggeringPolicy>
    </rollingPolicy>    <!--     <rollingPolicy class="ch.qos.logback.core.rolling.FixedWindowRollingPolicy">      <fileNamePattern>${log.home}/backup/info/info.%i.log.zip</fileNamePattern>      <minIndex>1</minIndex>      <maxIndex>20</maxIndex>    </rollingPolicy>    <triggeringPolicy class="ch.qos.logback.core.rolling.SizeBasedTriggeringPolicy">      <maxFileSize>500MB</maxFileSize>    </triggeringPolicy>    -->
    <encoder class="ch.qos.logback.classic.encoder.PatternLayoutEncoder" charset="UTF-8">
      <pattern>%d{yyyy-MM-dd HH:mm:ss.SSS} [%thread] %-5level %logger{80} -%msg%n</pattern>
    </encoder>
  </appender>

  <appender name="async_info" class="ch.qos.logback.classic.AsyncAppender">
    <discardingThreshold>0</discardingThreshold>
    <queueSize>10240</queueSize>
    <includeCallerData>true</includeCallerData>
    <appender-ref ref="file_info" />
  </appender>

  <appender name="async_error" class="ch.qos.logback.classic.AsyncAppender">
    <discardingThreshold>0</discardingThreshold>
    <queueSize>1024</queueSize>
    <includeCallerData>true</includeCallerData>
    <appender-ref ref="file_error" />
  </appender>
  <!--   <logger name="com.alibaba.dubbo" level="INFO" />  <logger name="org.apache.zookeeper" level="INFO" />  <logger name="com.ai.ecs.ecsite.common.utils.JedisUtils" level="debug" /> 
  -->
  <root>
    <level value="INFO" />
    <appender-ref ref="console" />
    <appender-ref ref="async_info" />
    <appender-ref ref="async_error" />
  </root>
</included>
