<assembly xmlns="http://maven.apache.org/plugins/maven-assembly-plugin/assembly/1.1.2" xmlns:xsi="http://www.w3.org/2001/XMLSchema-instance"
  xsi:schemaLocation="http://maven.apache.org/plugins/maven-assembly-plugin/assembly/1.1.2 http://maven.apache.org/xsd/assembly-1.1.2.xsd">
  <id>bin</id>
  <formats>
    <format>tar.gz</format>
  </formats>
  <fileSets>
    <fileSet>
      <outputDirectory>/</outputDirectory>
      <includes>
        <include>README.txt</include>
      </includes>
    </fileSet>
    <fileSet>
      <directory>src/main/scripts</directory>
      <outputDirectory>/bin</outputDirectory>
      <lineEnding>unix</lineEnding>
      <fileMode>0755</fileMode>
      <includes>
        <include>*.sh</include>
      </includes>
    </fileSet>
    <!-- 
    <fileSet>
      <directory>src/main/webapp</directory>
      <outputDirectory>/webapp</outputDirectory>
    </fileSet>
    -->
    <fileSet>
      <directory>target/classes</directory>
      <outputDirectory>/conf</outputDirectory>
      <includes>
        <include>cache/**</include>
        <include>mappings/**</include>
        <include>META-INF/**</include>
        <include>*.xml</include>
        <include>*.properties</include>
      </includes>
    </fileSet>
  </fileSets>
  <dependencySets>
    <dependencySet>
      <useProjectArtifact>true</useProjectArtifact>
      <outputDirectory>lib</outputDirectory>
      <scope>runtime</scope>
    </dependencySet>
  </dependencySets>
</assembly>