<?xml version="1.0" encoding="UTF-8"?>
<beans xmlns="http://www.springframework.org/schema/beans" xmlns:xsi="http://www.w3.org/2001/XMLSchema-instance" xmlns:p="http://www.springframework.org/schema/p" xmlns:aop="http://www.springframework.org/schema/aop"
  xmlns:context="http://www.springframework.org/schema/context" xmlns:tx="http://www.springframework.org/schema/tx" xmlns:mvc="http://www.springframework.org/schema/mvc" xmlns:util="http://www.springframework.org/schema/util"
  xmlns:task="http://www.springframework.org/schema/task"
  xsi:schemaLocation="http://www.springframework.org/schema/mvc http://www.springframework.org/schema/mvc/spring-mvc-4.0.xsd
        http://www.springframework.org/schema/task http://www.springframework.org/schema/task/spring-task-4.0.xsd
        http://www.springframework.org/schema/beans http://www.springframework.org/schema/beans/spring-beans-4.0.xsd
        http://www.springframework.org/schema/context http://www.springframework.org/schema/context/spring-context-4.0.xsd
        http://www.springframework.org/schema/aop http://www.springframework.org/schema/aop/spring-aop-4.0.xsd
        http://www.springframework.org/schema/tx http://www.springframework.org/schema/tx/spring-tx-4.0.xsd
        http://www.springframework.org/schema/util http://www.springframework.org/schema/util/spring-util-4.0.xsd"
  default-lazy-init="false" profile="spring-rest">

  <bean id="openServiceFilter" class="com.ai.ecs.ecsite.web.core.filter.CheckOpenServiceFilter">
    <property name="messageConverter" ref="errorRequestMessageConverter" />
    <property name="handlerMapping" ref="requestMappingHandlerMapping" />
  </bean>
  <bean id="corsFilter" class="com.ai.ecs.ecsite.web.core.filter.CORSFilter">
    <property name="origins" value="*" />
  </bean>
  <bean id="httpRequestRateLimiterFilter" class="com.ai.ecs.ecsite.web.core.filter.HttpRequestRateLimiterFilter">
    <property name="permitsPerSecond" value="5000" />
  </bean>
  <bean id="threadNameFilter" class="com.ai.ecs.ecsite.web.core.filter.ThreadNameFilter" />
  <bean id="requestMappingHandlerMapping" class="com.ai.ecs.ecsite.web.core.rest.rest.RestMethodHandlerMapping">
    <property name="order" value="0" />
  </bean>
  <bean class="com.ai.ecs.ecsite.web.core.rest.RequestMappingHandlerAdapterFactoryBean">
    <property name="messageConverters" ref="messageConverters" />
  </bean>
  <bean class="com.ai.ecs.ecsite.web.core.rest.error.DefaultHandlerExceptionResolver">
    <property name="order" value="0" />
    <property name="messageConverter" ref="errorRequestMessageConverter" />
  </bean>
  <bean id="errorRequestMessageConverter" class="com.ai.ecs.ecsite.web.core.rest.error.support.ErrorRequestMessageConverter">
    <property name="jsonMessageConverter" ref="jsonMessageConverter" />
    <property name="xmlMessageConverter" ref="xmlMessageConverter" />
  </bean>
  
  <bean id="jsonMessageConverter" class="com.ai.ecs.ecsite.web.core.rest.MappingJackson2HttpMessageConverterExt" />
  <bean id="xmlMessageConverter" class="com.ai.ecs.ecsite.web.core.rest.Jaxb2RootElementHttpMessageConverterExt" />
  <util:list id="messageConverters">
    <ref bean="jsonMessageConverter" />
    <ref bean="xmlMessageConverter" />
  </util:list>
  
  <bean id="multipartResolver" class="org.springframework.web.multipart.support.StandardServletMultipartResolver" />
</beans>