<?xml version="1.0" encoding="UTF-8"?>
<beans xmlns="http://www.springframework.org/schema/beans" xmlns:xsi="http://www.w3.org/2001/XMLSchema-instance"
    xmlns:p="http://www.springframework.org/schema/p" xmlns:aop="http://www.springframework.org/schema/aop"
    xmlns:context="http://www.springframework.org/schema/context" xmlns:tx="http://www.springframework.org/schema/tx"
    xmlns:mvc="http://www.springframework.org/schema/mvc" xmlns:util="http://www.springframework.org/schema/util"
    xmlns:task="http://www.springframework.org/schema/task"
    xsi:schemaLocation="http://www.springframework.org/schema/mvc http://www.springframework.org/schema/mvc/spring-mvc-4.0.xsd
        http://www.springframework.org/schema/task http://www.springframework.org/schema/task/spring-task-4.0.xsd
        http://www.springframework.org/schema/beans http://www.springframework.org/schema/beans/spring-beans-4.0.xsd
        http://www.springframework.org/schema/context http://www.springframework.org/schema/context/spring-context-4.0.xsd
        http://www.springframework.org/schema/aop http://www.springframework.org/schema/aop/spring-aop-4.0.xsd
        http://www.springframework.org/schema/tx http://www.springframework.org/schema/tx/spring-tx-4.0.xsd
        http://www.springframework.org/schema/util http://www.springframework.org/schema/util/spring-util-4.0.xsd"
>

    <description>Spring MVC Configuration</description>

    <bean id="appControllerAspect" class="com.ai.ecs.ecsite.web.aop.AppControllerAspect" />
    <aop:aspectj-autoproxy proxy-target-class="true" />
    <!-- 使用Annotation自动注册Bean,只扫描@Controller,base-package 如果多个，用“,”分隔 -->
    <context:component-scan base-package="com.ai.ecs.ecsite.web.modules">
        <context:include-filter type="annotation" expression="org.springframework.stereotype.Controller" />
    </context:component-scan>
    <!-- 采用注解方式配置MVC -->
    <mvc:annotation-driven>
        <mvc:message-converters register-defaults="true">
            <bean class="org.springframework.http.converter.StringHttpMessageConverter">
                <property name="writeAcceptCharset" value="false" />
                <property name="supportedMediaTypes">
                    <list>
                        <value>text/plain;charset=UTF-8</value>
                        <value>text/html;charset=UTF-8</value>
                        <value>applicaiton/javascript;charset=UTF-8</value>
                    </list>
                </property>
            </bean>
            <bean class="com.ai.ecs.ecsite.web.core.rest.MappingJackson2HttpMessageConverterExt">
                <property name="prettyPrint" value="true" />
                <property name="supportedMediaTypes">
                    <list>
                        <value>application/json;charset=UTF-8</value>
                        <value>application/x-www-form-urlencoded;charset=UTF-8</value>
                    </list>
                </property>
            </bean>
        </mvc:message-converters>
    </mvc:annotation-driven>
    
    <bean id="jsonMessageConverterExt" class="com.ai.ecs.ecsite.web.core.rest.MappingJackson2HttpMessageConverterExt" />
    <bean id="stringHttpMessageConverter" class="org.springframework.http.converter.StringHttpMessageConverter" />
    <bean id="byteArrayHttpMessageConverter" class="org.springframework.http.converter.ByteArrayHttpMessageConverter" />
    <util:list id="messageConverters">
        <ref bean="jsonMessageConverterExt" />
        <ref bean="stringHttpMessageConverter" />
        <ref bean="byteArrayHttpMessageConverter" />
    </util:list>

    <!-- 对转向页面的路径解析。prefix：前缀， suffix：后缀 -->
    <bean class="org.springframework.web.servlet.view.InternalResourceViewResolver">
        <property name="viewClass" value="org.springframework.web.servlet.view.JstlView" />
        <property name="prefix" value="/WEB-INF/views/" />
        <property name="suffix" value=".jsp" />
        <property name="order" value="1" />
    </bean>

    <!-- 对静态资源文件的访问， 将无法mapping到Controller的path交给default servlet handler处理 -->
    <mvc:default-servlet-handler />

    <!-- 静态资源映射 -->
    <mvc:resources mapping="/static/**" location="/static/" cache-period="31536000" />

    <!-- 定义无Controller的path<->view直接映射 -->
    <mvc:view-controller path="/" view-name="redirect:index.jsp" />

    <!-- 上传文件拦截，设置最大上传文件大小 10M=10*1024*1024(B)=10485760 bytes -->
    <bean id="multipartResolver" class="org.springframework.web.multipart.commons.CommonsMultipartResolver">
        <property name="maxUploadSize" value="10485760" />
    </bean>

    <!-- 全局异常配置 start -->
    <bean id="exceptionResolver" class="org.springframework.web.servlet.handler.SimpleMappingExceptionResolver">
        <property name="exceptionMappings">
            <props>
                <prop key="java.lang.Exception">errors/error</prop>
                <prop key="java.lang.Throwable">errors/err</prop>
            </props>
        </property>
        <property name="statusCodes">
            <props>
                <prop key="errors/error">500</prop>
                <prop key="errors/404">404</prop>
            </props>
        </property>
        <!-- 设置日志输出级别，不定义则默认不输出警告等错误日志信息 -->
        <property name="warnLogCategory" value="WARN"></property>
        <!-- 默认错误页面，当找不到上面mappings中指定的异常对应视图时，使用本默认配置 -->
        <property name="defaultErrorView" value="errors/error"></property>
        <!-- 默认HTTP状态码 -->
        <property name="defaultStatusCode" value="500"></property>
    </bean>
    <!-- 全局异常配置 end -->
</beans>