<?xml version="1.0" encoding="UTF-8"?>
<beans xmlns="http://www.springframework.org/schema/beans" xmlns:xsi="http://www.w3.org/2001/XMLSchema-instance"
    xmlns:p="http://www.springframework.org/schema/p" xmlns:aop="http://www.springframework.org/schema/aop"
    xmlns:context="http://www.springframework.org/schema/context" xmlns:tx="http://www.springframework.org/schema/tx"
    xmlns:mvc="http://www.springframework.org/schema/mvc" xmlns:util="http://www.springframework.org/schema/util"
    xmlns:task="http://www.springframework.org/schema/task"
    xsi:schemaLocation="http://www.springframework.org/schema/mvc http://www.springframework.org/schema/mvc/spring-mvc-4.0.xsd
        http://www.springframework.org/schema/task http://www.springframework.org/schema/task/spring-task-4.0.xsd
        http://www.springframework.org/schema/beans http://www.springframework.org/schema/beans/spring-beans-4.0.xsd
        http://www.springframework.org/schema/context http://www.springframework.org/schema/context/spring-context-4.0.xsd
        http://www.springframework.org/schema/aop http://www.springframework.org/schema/aop/spring-aop-4.0.xsd
        http://www.springframework.org/schema/tx http://www.springframework.org/schema/tx/spring-tx-4.0.xsd
        http://www.springframework.org/schema/util http://www.springframework.org/schema/util/spring-util-4.0.xsd"
>

    <description>Spring Configuration</description>

    <context:component-scan base-package="com.ai.ecs.ecsite.web.core" />
    <context:component-scan base-package="com.ai.ecs.ecsite.web.i18n" />
    <context:component-scan base-package="com.ai.ecs.ecsite.web/**/controller">
        <context:include-filter type="annotation" expression="org.springframework.stereotype.Controller" />
    </context:component-scan>

    <bean id="springContextHolder" class="com.ai.ecs.ecsite.plugin.spring.SpringContextHolder" />
    <bean id="appControllerAspect" class="com.ai.ecs.ecsite.web.aop.AppControllerAspect" />
    <aop:aspectj-autoproxy proxy-target-class="true" />

    <!-- 配置 JSR303 Bean VALIDATOR 定义 -->
    <bean id="validator" class="org.springframework.validation.beanvalidation.LocalValidatorFactoryBean" />

    <!-- 计划任务配置，用 @Service @Lazy(false)标注类，用@Scheduled(cron = "0 0 2 * * ?")标注方法 -->
    <!-- <task:executor id="executor" pool-size="10" />
    <task:scheduler id="scheduler" pool-size="10" />
    <task:annotation-driven scheduler="scheduler" executor="executor" proxy-target-class="true" /> -->
</beans>