<?xml version="1.0" encoding="UTF-8"?>
<beans xmlns="http://www.springframework.org/schema/beans" xmlns:xsi="http://www.w3.org/2001/XMLSchema-instance" xmlns:context="http://www.springframework.org/schema/context"
  xsi:schemaLocation="
        http://www.springframework.org/schema/beans http://www.springframework.org/schema/beans/spring-beans-4.0.xsd
        http://www.springframework.org/schema/context  http://www.springframework.org/schema/context/spring-context-4.0.xsd">

  <description>Jedis Configuration</description>

  <bean id="jedisPoolConfig" class="redis.clients.jedis.JedisPoolConfig">
    <property name="minIdle" value="2" /> <!-- 最小空闲连接数,默认0 -->
    <property name="maxIdle" value="10" /> <!-- 最大空闲连接数,默认8个 -->
    <property name="maxTotal" value="20" /> <!-- 最大连接数,默认8个 -->
    <property name="maxWaitMillis" value="500" /> <!-- 获取连接时的最大等待毫秒数(如果设置为阻塞时BlockWhenExhausted),如果超时就抛异常, 小于零:阻塞不确定的时间,  默认-1 -->
    <property name="testOnReturn" value="true" /> <!-- 在获取连接的时候检查有效性, 默认false -->
  </bean>
  <bean id="jedisHostAndPortSet" class="com.ai.ecs.ecsite.common.utils.JedisHostAndPortSet">
    <property name="jedisHost" value="${redis.host}" />
  </bean>
  <bean id="jedisClusterExt" class="com.ai.ecs.ecsite.common.utils.JedisClusterExt">
    <constructor-arg index="0" ref="jedisHostAndPortSet" />
    <constructor-arg index="1" ref="jedisPoolConfig" />
  </bean>
</beans>